id;file_name;file_content_type;file_content;file_content_content_type
1;Idaho;Somoni;../fake-data/blob/hipster.png;image/png
2;parsing Generic;ROI transition;../fake-data/blob/hipster.png;image/png
3;Personal Loan Account;Computers;../fake-data/blob/hipster.png;image/png
4;technologies Gateway;Indian Rupee Vermont;../fake-data/blob/hipster.png;image/png
5;Armenia Gorgeous index;Alabama Junction;../fake-data/blob/hipster.png;image/png
6;Generic;Realigned attitude;../fake-data/blob/hipster.png;image/png
7;Coves;one-to-one Fantastic;../fake-data/blob/hipster.png;image/png
8;compelling COM infrastructures;Electronics;../fake-data/blob/hipster.png;image/png
9;Gorgeous Vatu compelling;Puerto Rico;../fake-data/blob/hipster.png;image/png
10;Checking Account zero tolerance;Books ability;../fake-data/blob/hipster.png;image/png
